{"cameraMode":{"drawMode":0,"name":"Shaded","section":"Shading Mode"},"sceneLighting":false,"audioPlay":false,"sceneViewState":{"showFog":true,"showMaterialUpdate":false,"showSkybox":false,"showFlares":true,"showImageEffects":true,"showParticleSystems":true},"in2DMode":false,"pivot":{"x":0.07249202579259873,"y":0.11544574797153473,"z":-0.1216464638710022},"rotation":{"x":0.18260236084461213,"y":0.5387954115867615,"z":-0.1209421157836914,"w":0.8134815692901611},"size":0.14855821430683137,"orthographic":false}